{"nm":"pig illustration","ddd":0,"h":280,"w":315,"meta":{"g":"@lottiefiles/toolkit-js 0.33.2"},"layers":[{"ty":0,"nm":"Pre-comp 1","sr":1,"st":0,"op":218,"ip":0,"hd":false,"ddd":0,"bm":0,"hasMask":false,"ao":0,"ks":{"a":{"a":0,"k":[157.5,140,0],"ix":1},"s":{"a":0,"k":[100,100,100],"ix":6},"sk":{"a":0,"k":0},"p":{"a":0,"k":[141.5,140,0],"ix":2},"r":{"a":0,"k":0,"ix":10},"sa":{"a":0,"k":0},"o":{"a":0,"k":100,"ix":11}},"ef":[],"w":315,"h":280,"refId":"comp_0","ind":1}],"v":"5.3.4","fr":30,"op":72,"ip":1,"assets":[{"nm":"","id":"comp_0","layers":[{"ty":4,"nm":"coin Outlines 2","sr":1,"st":0,"op":28,"ip":12,"hd":false,"ddd":0,"bm":0,"hasMask":true,"ao":0,"ks":{"a":{"a":0,"k":[179,66,0],"ix":1},"s":{"a":0,"k":[100,100,100],"ix":6},"sk":{"a":0,"k":0},"p":{"a":1,"k":[{"o":{"x":0.167,"y":0.167},"i":{"x":0.833,"y":0.833},"s":[185,25.5,0],"t":13,"ti":[-0.08333333581686,-17.6666660308838,0],"to":[0,0.91666668653488,0]},{"o":{"x":0.167,"y":0.167},"i":{"x":0.833,"y":0.833},"s":[185,31,0],"t":17,"ti":[-0.08333333581686,-16.75,0],"to":[0.08333333581686,17.6666660308838,0]},{"s":[185.5,131.5,0],"t":28}],"ix":2},"r":{"a":0,"k":0,"ix":10},"sa":{"a":0,"k":0},"o":{"a":1,"k":[{"o":{"x":0.167,"y":0.167},"i":{"x":0.833,"y":0.833},"s":[0],"t":13},{"s":[100],"t":17}],"ix":11}},"ef":[],"masksProperties":[{"nm":"Mask 1","inv":false,"mode":"a","x":{"a":0,"k":0,"ix":4},"o":{"a":0,"k":100,"ix":3},"pt":{"a":1,"k":[{"o":{"x":0.167,"y":0.167},"i":{"x":0.833,"y":0.833},"s":[{"c":true,"i":[[0,0],[0,0],[0,0],[0,0]],"o":[[0,0],[0,0],[0,0],[0,0]],"v":[[157.2,41.5],[157,154.04],[202.8,154.04],[203,41.5]]}],"t":17},{"s":[{"c":true,"i":[[0,0],[0,0],[0,0],[0,0]],"o":[[0,0],[0,0],[0,0],[0,0]],"v":[[157.2,41.5],[157,46.5],[202.8,46.5],[203,41.5]]}],"t":28}],"ix":1}}],"shapes":[{"ty":"gr","bm":0,"hd":false,"mn":"ADBE Vector Group","nm":"Group 1","ix":1,"cix":2,"np":6,"it":[{"ty":"sh","bm":0,"hd":false,"mn":"ADBE Vector Shape - Group","nm":"Path 1","ix":1,"d":1,"ks":{"a":0,"k":{"c":true,"i":[[0,0],[0,0],[0,0],[0,0]],"o":[[0,0],[0,0],[0,0],[0,0]],"v":[[2.941,2.533],[2.917,2.533],[2.535,0.777],[3.3,0.777]]},"ix":2}},{"ty":"sh","bm":0,"hd":false,"mn":"ADBE Vector Shape - Group","nm":"Path 2","ix":2,"d":1,"ks":{"a":0,"k":{"c":true,"i":[[0,0],[0,0],[0,0],[0,0]],"o":[[0,0],[0,0],[0,0],[0,0]],"v":[[-0.374,-0.755],[-0.012,-2.348],[0.012,-2.348],[0.376,-0.755]]},"ix":2}},{"ty":"sh","bm":0,"hd":false,"mn":"ADBE Vector Shape - Group","nm":"Path 3","ix":3,"d":1,"ks":{"a":0,"k":{"c":true,"i":[[0,0],[0,0],[0,0],[0,0]],"o":[[0,0],[0,0],[0,0],[0,0]],"v":[[-2.915,2.533],[-2.939,2.533],[-3.299,0.777],[-2.536,0.777]]},"ix":2}},{"ty":"sh","bm":0,"hd":false,"mn":"ADBE Vector Shape - Group","nm":"Path 4","ix":4,"d":1,"ks":{"a":0,"k":{"c":true,"i":[[0,0],[0,0],[0,0],[0,0],[0,0],[0,0],[0,0],[0,0],[0,0],[0,0],[0,0],[0,0],[0,0],[0,0],[0,0],[0,0],[0,0],[0,0],[0,0],[0,0],[0,0],[0,0],[0,0],[0,0]],"o":[[0,0],[0,0],[0,0],[0,0],[0,0],[0,0],[0,0],[0,0],[0,0],[0,0],[0,0],[0,0],[0,0],[0,0],[0,0],[0,0],[0,0],[0,0],[0,0],[0,0],[0,0],[0,0],[0,0],[0,0]],"v":[[7.404,-0.755],[5.753,-0.755],[6.923,-5.549],[4.596,-5.549],[3.615,-0.755],[2.203,-0.755],[1.165,-5.549],[-1.163,-5.549],[-2.204,-0.755],[-3.613,-0.755],[-4.596,-5.549],[-6.924,-5.549],[-5.751,-0.755],[-7.404,-0.755],[-7.404,0.777],[-5.378,0.777],[-4.212,5.549],[-1.812,5.549],[-0.723,0.777],[0.725,0.777],[1.813,5.549],[4.212,5.549],[5.378,0.777],[7.404,0.777]]},"ix":2}},{"ty":"mm","bm":0,"hd":false,"mn":"ADBE Vector Filter - Merge","nm":"Merge Paths 1","mm":1},{"ty":"fl","bm":0,"hd":false,"mn":"ADBE Vector Graphic - Fill","nm":"Fill 1","c":{"a":0,"k":[0.9843,0.9373,0.3608],"ix":4},"r":1,"o":{"a":0,"k":100,"ix":5}},{"ty":"tr","a":{"a":0,"k":[0,0],"ix":1},"s":{"a":0,"k":[100,100],"ix":3},"sk":{"a":0,"k":0,"ix":4},"p":{"a":0,"k":[179.167,66.037],"ix":2},"r":{"a":1,"k":[{"o":{"x":0.167,"y":0.167},"i":{"x":0.667,"y":1},"s":[0],"t":20},{"s":[861],"t":28}],"ix":6},"sa":{"a":0,"k":0,"ix":5},"o":{"a":0,"k":100,"ix":7}}]},{"ty":"gr","bm":0,"hd":false,"mn":"ADBE Vector Group","nm":"Group 2","ix":2,"cix":2,"np":2,"it":[{"ty":"sh","bm":0,"hd":false,"mn":"ADBE Vector Shape - Group","nm":"Path 1","ix":1,"d":1,"ks":{"a":0,"k":{"c":true,"i":[[0,-7.057],[7.056,0],[0,7.057],[-7.057,0]],"o":[[0,7.057],[-7.057,0],[0,-7.057],[7.056,0]],"v":[[12.777,0],[0,12.777],[-12.778,0],[0,-12.777]]},"ix":2}},{"ty":"fl","bm":0,"hd":false,"mn":"ADBE Vector Graphic - Fill","nm":"Fill 1","c":{"a":0,"k":[1,0.6549,0.0667],"ix":4},"r":1,"o":{"a":0,"k":100,"ix":5}},{"ty":"tr","a":{"a":0,"k":[0,0],"ix":1},"s":{"a":0,"k":[100,100],"ix":3},"sk":{"a":0,"k":0,"ix":4},"p":{"a":0,"k":[179.167,66.037],"ix":2},"r":{"a":0,"k":0,"ix":6},"sa":{"a":0,"k":0,"ix":5},"o":{"a":0,"k":100,"ix":7}}]},{"ty":"gr","bm":0,"hd":false,"mn":"ADBE Vector Group","nm":"Group 3","ix":3,"cix":2,"np":2,"it":[{"ty":"sh","bm":0,"hd":false,"mn":"ADBE Vector Shape - Group","nm":"Path 1","ix":1,"d":1,"ks":{"a":0,"k":{"c":true,"i":[[0,-8.559],[8.559,0],[0,8.559],[-8.559,0]],"o":[[0,8.559],[-8.559,0],[0,-8.559],[8.559,0]],"v":[[15.497,0],[0,15.497],[-15.497,0],[0,-15.497]]},"ix":2}},{"ty":"fl","bm":0,"hd":false,"mn":"ADBE Vector Graphic - Fill","nm":"Fill 1","c":{"a":0,"k":[0.9843,0.9373,0.3608],"ix":4},"r":1,"o":{"a":0,"k":100,"ix":5}},{"ty":"tr","a":{"a":0,"k":[0,0],"ix":1},"s":{"a":0,"k":[100,100],"ix":3},"sk":{"a":0,"k":0,"ix":4},"p":{"a":0,"k":[179.167,66.037],"ix":2},"r":{"a":0,"k":0,"ix":6},"sa":{"a":0,"k":0,"ix":5},"o":{"a":0,"k":100,"ix":7}}]},{"ty":"gr","bm":0,"hd":false,"mn":"ADBE Vector Group","nm":"Group 4","ix":4,"cix":2,"np":2,"it":[{"ty":"sh","bm":0,"hd":false,"mn":"ADBE Vector Shape - Group","nm":"Path 1","ix":1,"d":1,"ks":{"a":0,"k":{"c":true,"i":[[0,-10.771],[10.772,0],[0,10.771],[-10.771,0]],"o":[[0,10.771],[-10.771,0],[0,-10.771],[10.772,0]],"v":[[19.503,0],[0,19.503],[-19.503,0],[0,-19.503]]},"ix":2}},{"ty":"fl","bm":0,"hd":false,"mn":"ADBE Vector Graphic - Fill","nm":"Fill 1","c":{"a":0,"k":[0.9765,0.8627,0.1529],"ix":4},"r":1,"o":{"a":0,"k":100,"ix":5}},{"ty":"tr","a":{"a":0,"k":[0,0],"ix":1},"s":{"a":0,"k":[100,100],"ix":3},"sk":{"a":0,"k":0,"ix":4},"p":{"a":0,"k":[179.167,66.037],"ix":2},"r":{"a":0,"k":0,"ix":6},"sa":{"a":0,"k":0,"ix":5},"o":{"a":0,"k":100,"ix":7}}]}],"ind":1},{"ty":4,"nm":"nose_hole_right Outlines","sr":1,"st":0,"op":218,"ip":0,"hd":false,"ddd":0,"bm":0,"hasMask":false,"ao":0,"ks":{"a":{"a":0,"k":[157.5,140,0],"ix":1},"s":{"a":0,"k":[100,100,100],"ix":6},"sk":{"a":0,"k":0},"p":{"a":0,"k":[157.5,140,0],"ix":2},"r":{"a":0,"k":0,"ix":10},"sa":{"a":0,"k":0},"o":{"a":0,"k":100,"ix":11}},"ef":[],"shapes":[{"ty":"gr","bm":0,"hd":false,"mn":"ADBE Vector Group","nm":"Group 1","ix":1,"cix":2,"np":2,"it":[{"ty":"sh","bm":0,"hd":false,"mn":"ADBE Vector Shape - Group","nm":"Path 1","ix":1,"d":1,"ks":{"a":0,"k":{"c":true,"i":[[1.85,0],[0,0],[0,1.848],[0,0],[-1.849,0],[0,-1.849],[0,0]],"o":[[0,0],[-1.849,0],[0,0],[0,-1.849],[1.85,0],[0,0],[0,1.848]],"v":[[-0.001,6],[-0.001,6],[-3.363,2.638],[-3.363,-2.638],[-0.001,-6],[3.363,-2.638],[3.363,2.638]]},"ix":2}},{"ty":"fl","bm":0,"hd":false,"mn":"ADBE Vector Graphic - Fill","nm":"Fill 1","c":{"a":0,"k":[0.2118,0,0.098],"ix":4},"r":1,"o":{"a":0,"k":100,"ix":5}},{"ty":"tr","a":{"a":0,"k":[0,0],"ix":1},"s":{"a":0,"k":[100,100],"ix":3},"sk":{"a":0,"k":0,"ix":4},"p":{"a":0,"k":[88.138,164.912],"ix":2},"r":{"a":0,"k":0,"ix":6},"sa":{"a":0,"k":0,"ix":5},"o":{"a":0,"k":100,"ix":7}}]}],"ind":2,"parent":4},{"ty":4,"nm":"nose_hole_left Outlines","sr":1,"st":0,"op":218,"ip":0,"hd":false,"ddd":0,"bm":0,"hasMask":false,"ao":0,"ks":{"a":{"a":0,"k":[157.5,140,0],"ix":1},"s":{"a":0,"k":[100,100,100],"ix":6},"sk":{"a":0,"k":0},"p":{"a":0,"k":[157.5,140,0],"ix":2},"r":{"a":0,"k":0,"ix":10},"sa":{"a":0,"k":0},"o":{"a":0,"k":100,"ix":11}},"ef":[],"shapes":[{"ty":"gr","bm":0,"hd":false,"mn":"ADBE Vector Group","nm":"Group 1","ix":1,"cix":2,"np":2,"it":[{"ty":"sh","bm":0,"hd":false,"mn":"ADBE Vector Shape - Group","nm":"Path 1","ix":1,"d":1,"ks":{"a":0,"k":{"c":true,"i":[[1.85,0],[0,0],[0,1.848],[0,0],[-1.85,0],[0,-1.849],[0,0]],"o":[[0,0],[-1.85,0],[0,0],[0,-1.849],[1.85,0],[0,0],[0,1.848]],"v":[[0,6],[0,6],[-3.363,2.638],[-3.363,-2.638],[0,-6],[3.363,-2.638],[3.363,2.638]]},"ix":2}},{"ty":"fl","bm":0,"hd":false,"mn":"ADBE Vector Graphic - Fill","nm":"Fill 1","c":{"a":0,"k":[0.2118,0,0.098],"ix":4},"r":1,"o":{"a":0,"k":100,"ix":5}},{"ty":"tr","a":{"a":0,"k":[0,0],"ix":1},"s":{"a":0,"k":[100,100],"ix":3},"sk":{"a":0,"k":0,"ix":4},"p":{"a":0,"k":[101.588,164.912],"ix":2},"r":{"a":0,"k":0,"ix":6},"sa":{"a":0,"k":0,"ix":5},"o":{"a":0,"k":100,"ix":7}}]}],"ind":3,"parent":4},{"ty":4,"nm":"nose Outlines","sr":1,"st":0,"op":218,"ip":0,"hd":false,"ddd":0,"bm":0,"hasMask":false,"ao":0,"ks":{"a":{"a":0,"k":[125,164.5,0],"ix":1},"s":{"a":0,"k":[100,100,100],"ix":6},"sk":{"a":0,"k":0},"p":{"a":1,"k":[{"o":{"x":0.167,"y":0.167},"i":{"x":0.833,"y":0.833},"s":[125,164.5,0],"t":11,"ti":[0,0,0],"to":[1.16666662693024,0,0]},{"o":{"x":0.167,"y":0.167},"i":{"x":0.833,"y":0.833},"s":[132,164.5,0],"t":13,"ti":[1.16666662693024,0,0],"to":[0,0,0]},{"o":{"x":0.167,"y":0.167},"i":{"x":0.833,"y":0.833},"s":[125,164.5,0],"t":15,"ti":[0,0,0],"to":[0,0,0]},{"o":{"x":0.167,"y":0.167},"i":{"x":0.833,"y":0.833},"s":[125,164.5,0],"t":61,"ti":[0,0,0],"to":[1.16666662693024,0,0]},{"o":{"x":0.167,"y":0.167},"i":{"x":0.833,"y":0.833},"s":[132,164.5,0],"t":63,"ti":[1.16666662693024,0,0],"to":[0,0,0]},{"s":[125,164.5,0],"t":67}],"ix":2},"r":{"a":1,"k":[{"o":{"x":0.167,"y":0.167},"i":{"x":0.833,"y":0.833},"s":[0],"t":4},{"o":{"x":0.167,"y":0.167},"i":{"x":0.833,"y":0.833},"s":[8],"t":7},{"s":[0],"t":10}],"ix":10},"sa":{"a":0,"k":0},"o":{"a":0,"k":100,"ix":11}},"ef":[],"shapes":[{"ty":"gr","bm":0,"hd":false,"mn":"ADBE Vector Group","nm":"Group 1","ix":1,"cix":2,"np":2,"it":[{"ty":"sh","bm":0,"hd":false,"mn":"ADBE Vector Shape - Group","nm":"Path 1","ix":1,"d":1,"ks":{"a":0,"k":{"c":true,"i":[[7.7,0],[0,0],[0,7.7],[0,0],[-7.7,0],[0,0],[0,-7.7],[0,0]],"o":[[0,0],[-7.7,0],[0,0],[0,-7.7],[0,0],[7.7,0],[0,0],[0,7.7]],"v":[[8.945,16.417],[-8.945,16.417],[-22.945,2.417],[-22.945,-2.417],[-8.945,-16.417],[8.945,-16.417],[22.945,-2.417],[22.945,2.417]]},"ix":2}},{"ty":"fl","bm":0,"hd":false,"mn":"ADBE Vector Graphic - Fill","nm":"Fill 1","c":{"a":0,"k":[0.9804,0.6627,0.8275],"ix":4},"r":1,"o":{"a":0,"k":100,"ix":5}},{"ty":"tr","a":{"a":0,"k":[0,0],"ix":1},"s":{"a":0,"k":[100,100],"ix":3},"sk":{"a":0,"k":0,"ix":4},"p":{"a":0,"k":[96.05,164.319],"ix":2},"r":{"a":0,"k":0,"ix":6},"sa":{"a":0,"k":0,"ix":5},"o":{"a":0,"k":100,"ix":7}}]}],"ind":4,"parent":12},{"ty":4,"nm":"nose_bridge Outlines","sr":1,"st":0,"op":218,"ip":0,"hd":false,"ddd":0,"bm":0,"hasMask":false,"ao":0,"ks":{"a":{"a":0,"k":[157.5,140,0],"ix":1},"s":{"a":0,"k":[100,100,100],"ix":6},"sk":{"a":0,"k":0},"p":{"a":1,"k":[{"o":{"x":0.333,"y":0},"i":{"x":0.667,"y":1},"s":[157.5,140,0],"t":11,"ti":[0,0,0],"to":[-0.83333331346512,0,0]},{"o":{"x":0.333,"y":0},"i":{"x":0.667,"y":1},"s":[152.5,140,0],"t":13,"ti":[-0.83333331346512,0,0],"to":[0,0,0]},{"o":{"x":0.167,"y":0.167},"i":{"x":0.833,"y":0.833},"s":[157.5,140,0],"t":15,"ti":[0,0,0],"to":[0,0,0]},{"o":{"x":0.333,"y":0},"i":{"x":0.667,"y":1},"s":[157.5,140,0],"t":61,"ti":[0,0,0],"to":[-0.66666668653488,0,0]},{"o":{"x":0.333,"y":0},"i":{"x":0.667,"y":1},"s":[153.5,140,0],"t":63,"ti":[-0.66666668653488,0,0],"to":[0,0,0]},{"s":[157.5,140,0],"t":67}],"ix":2},"r":{"a":0,"k":0,"ix":10},"sa":{"a":0,"k":0},"o":{"a":0,"k":100,"ix":11}},"ef":[],"shapes":[{"ty":"gr","bm":0,"hd":false,"mn":"ADBE Vector Group","nm":"Group 1","ix":1,"cix":2,"np":2,"it":[{"ty":"sh","bm":0,"hd":false,"mn":"ADBE Vector Shape - Group","nm":"Path 1","ix":1,"d":1,"ks":{"a":0,"k":{"c":true,"i":[[7.7,0],[0,0],[0,7.7],[0,0],[-7.7,0],[0,0],[0,-7.7],[0,0]],"o":[[0,0],[-7.7,0],[0,0],[0,-7.7],[0,0],[7.7,0],[0,0],[0,7.7]],"v":[[8.945,16.417],[-8.945,16.417],[-22.945,2.417],[-22.945,-2.417],[-8.945,-16.417],[8.945,-16.417],[22.945,-2.417],[22.945,2.417]]},"ix":2}},{"ty":"fl","bm":0,"hd":false,"mn":"ADBE Vector Graphic - Fill","nm":"Fill 1","c":{"a":0,"k":[0.9647,0.4196,0.7059],"ix":4},"r":1,"o":{"a":0,"k":100,"ix":5}},{"ty":"tr","a":{"a":0,"k":[0,0],"ix":1},"s":{"a":0,"k":[100,100],"ix":3},"sk":{"a":0,"k":0,"ix":4},"p":{"a":0,"k":[103.17,164.319],"ix":2},"r":{"a":0,"k":0,"ix":6},"sa":{"a":0,"k":0,"ix":5},"o":{"a":0,"k":100,"ix":7}}]}],"ind":5,"parent":4},{"ty":4,"nm":"eyebrow_left Outlines","sr":1,"st":0,"op":218,"ip":0,"hd":false,"ddd":0,"bm":0,"hasMask":false,"ao":0,"ks":{"a":{"a":0,"k":[157.5,140,0],"ix":1},"s":{"a":0,"k":[100,100,100],"ix":6},"sk":{"a":0,"k":0},"p":{"a":1,"k":[{"o":{"x":0.333,"y":0},"i":{"x":0.667,"y":1},"s":[157.5,140,0],"t":7,"ti":[-0.33333334326744,0,0],"to":[0.33333334326744,0,0]},{"o":{"x":0.167,"y":0.167},"i":{"x":0.833,"y":0.833},"s":[159.5,140,0],"t":11,"ti":[0,0,0],"to":[0,0,0]},{"o":{"x":0.333,"y":0},"i":{"x":0.667,"y":1},"s":[159.5,140,0],"t":34,"ti":[0.33333334326744,0,0],"to":[0,-0.83333331346512,0]},{"o":{"x":0.333,"y":0},"i":{"x":0.667,"y":1},"s":[159.5,135,0],"t":37,"ti":[0.33333334326744,-0.83333331346512,0],"to":[-0.33333334326744,0,0]},{"s":[157.5,140,0],"t":55}],"ix":2},"r":{"a":0,"k":0,"ix":10},"sa":{"a":0,"k":0},"o":{"a":0,"k":100,"ix":11}},"ef":[],"shapes":[{"ty":"gr","bm":0,"hd":false,"mn":"ADBE Vector Group","nm":"Group 1","ix":1,"cix":2,"np":2,"it":[{"ty":"sh","bm":0,"hd":false,"mn":"ADBE Vector Shape - Group","nm":"Path 1","ix":1,"d":1,"ks":{"a":0,"k":{"c":false,"i":[[0,0],[0,0]],"o":[[0,0],[0,0]],"v":[[117.874,122.22],[129.016,122.22]]},"ix":2}},{"ty":"st","bm":0,"hd":false,"mn":"ADBE Vector Graphic - Stroke","nm":"Stroke 1","lc":2,"lj":2,"ml":1,"o":{"a":0,"k":100,"ix":4},"w":{"a":0,"k":6,"ix":5},"c":{"a":0,"k":[0.9804,0.6627,0.8275],"ix":3}},{"ty":"tr","a":{"a":0,"k":[0,0],"ix":1},"s":{"a":0,"k":[100,100],"ix":3},"sk":{"a":0,"k":0,"ix":4},"p":{"a":0,"k":[0,0],"ix":2},"r":{"a":0,"k":0,"ix":6},"sa":{"a":0,"k":0,"ix":5},"o":{"a":0,"k":100,"ix":7}}]}],"ind":6,"parent":12},{"ty":4,"nm":"eye_left Outlines","sr":1,"st":0,"op":218,"ip":0,"hd":false,"ddd":0,"bm":0,"hasMask":false,"ao":0,"ks":{"a":{"a":0,"k":[157.5,140,0],"ix":1},"s":{"a":0,"k":[100,100,100],"ix":6},"sk":{"a":0,"k":0},"p":{"a":1,"k":[{"o":{"x":0.333,"y":0},"i":{"x":0.667,"y":1},"s":[157.5,140,0],"t":8,"ti":[-1.08333337306976,0,0],"to":[1.08333337306976,0,0]},{"o":{"x":0.167,"y":0.167},"i":{"x":0.833,"y":0.833},"s":[164,140,0],"t":10,"ti":[0,0,0],"to":[0,0,0]},{"o":{"x":0.333,"y":0},"i":{"x":0.667,"y":1},"s":[164,140,0],"t":27,"ti":[1.08333337306976,0,0],"to":[-1.08333337306976,0,0]},{"o":{"x":0.167,"y":0.167},"i":{"x":0.833,"y":0.833},"s":[157.5,140,0],"t":29,"ti":[0,0,0],"to":[0,0,0]},{"o":{"x":0.333,"y":0},"i":{"x":0.667,"y":1},"s":[157.5,140,0],"t":34,"ti":[0,0,0],"to":[0,-0.83333331346512,0]},{"o":{"x":0.333,"y":0},"i":{"x":0.667,"y":1},"s":[157.5,135,0],"t":37,"ti":[0,-0.83333331346512,0],"to":[0,0,0]},{"s":[157.5,140,0],"t":55}],"ix":2},"r":{"a":0,"k":0,"ix":10},"sa":{"a":0,"k":0},"o":{"a":0,"k":100,"ix":11}},"ef":[],"shapes":[{"ty":"gr","bm":0,"hd":false,"mn":"ADBE Vector Group","nm":"Group 1","ix":1,"cix":2,"np":2,"it":[{"ty":"sh","bm":0,"hd":false,"mn":"ADBE Vector Shape - Group","nm":"Path 1","ix":1,"d":1,"ks":{"a":0,"k":{"c":true,"i":[[0,-3.059],[3.06,0],[0,3.059],[-3.058,0]],"o":[[0,3.059],[-3.058,0],[0,-3.059],[3.06,0]],"v":[[5.538,0],[-0.001,5.539],[-5.539,0],[-0.001,-5.539]]},"ix":2}},{"ty":"fl","bm":0,"hd":false,"mn":"ADBE Vector Graphic - Fill","nm":"Fill 1","c":{"a":0,"k":[0.2118,0,0.098],"ix":4},"r":1,"o":{"a":0,"k":100,"ix":5}},{"ty":"tr","a":{"a":0,"k":[0,0],"ix":1},"s":{"a":1,"k":[{"o":{"x":0.167,"y":0.167},"i":{"x":0.833,"y":0.833},"s":[100,100],"t":21},{"o":{"x":0.167,"y":0.167},"i":{"x":0.833,"y":0.833},"s":[100,19.371],"t":24},{"o":{"x":0.167,"y":0.167},"i":{"x":0.833,"y":0.833},"s":[100,100],"t":27},{"o":{"x":0.167,"y":0.167},"i":{"x":0.833,"y":0.833},"s":[100,100],"t":63},{"o":{"x":0.167,"y":0.167},"i":{"x":0.833,"y":0.833},"s":[100,20],"t":65},{"s":[100,100],"t":67}],"ix":3},"sk":{"a":0,"k":0,"ix":4},"p":{"a":0,"k":[122.159,132.044],"ix":2},"r":{"a":0,"k":0,"ix":6},"sa":{"a":0,"k":0,"ix":5},"o":{"a":0,"k":100,"ix":7}}]}],"ind":7,"parent":12},{"ty":4,"nm":"eyebrow_right Outlines","sr":1,"st":0,"op":218,"ip":0,"hd":false,"ddd":0,"bm":0,"hasMask":false,"ao":0,"ks":{"a":{"a":0,"k":[157.5,140,0],"ix":1},"s":{"a":0,"k":[100,100,100],"ix":6},"sk":{"a":0,"k":0},"p":{"a":1,"k":[{"o":{"x":0.167,"y":0.167},"i":{"x":0.833,"y":0.833},"s":[157.5,140,0],"t":7,"ti":[0,0,0],"to":[0,0,0]},{"s":[157.5,140,0],"t":11}],"ix":2},"r":{"a":0,"k":0,"ix":10},"sa":{"a":0,"k":0},"o":{"a":0,"k":100,"ix":11}},"ef":[],"shapes":[{"ty":"gr","bm":0,"hd":false,"mn":"ADBE Vector Group","nm":"Group 1","ix":1,"cix":2,"np":2,"it":[{"ty":"sh","bm":0,"hd":false,"mn":"ADBE Vector Shape - Group","nm":"Path 1","ix":1,"d":1,"ks":{"a":0,"k":{"c":false,"i":[[0,0],[0,0]],"o":[[0,0],[0,0]],"v":[[93.808,122.22],[104.951,122.22]]},"ix":2}},{"ty":"st","bm":0,"hd":false,"mn":"ADBE Vector Graphic - Stroke","nm":"Stroke 1","lc":2,"lj":2,"ml":1,"o":{"a":0,"k":100,"ix":4},"w":{"a":0,"k":6,"ix":5},"c":{"a":0,"k":[0.9804,0.6627,0.8275],"ix":3}},{"ty":"tr","a":{"a":0,"k":[0,0],"ix":1},"s":{"a":0,"k":[100,100],"ix":3},"sk":{"a":0,"k":0,"ix":4},"p":{"a":0,"k":[0,0],"ix":2},"r":{"a":0,"k":0,"ix":6},"sa":{"a":0,"k":0,"ix":5},"o":{"a":0,"k":100,"ix":7}}]}],"ind":8,"parent":12},{"ty":4,"nm":"eye_right Outlines","sr":1,"st":0,"op":218,"ip":0,"hd":false,"ddd":0,"bm":0,"hasMask":false,"ao":0,"ks":{"a":{"a":0,"k":[157.5,140,0],"ix":1},"s":{"a":0,"k":[100,100,100],"ix":6},"sk":{"a":0,"k":0},"p":{"a":1,"k":[{"o":{"x":0.333,"y":0},"i":{"x":0.667,"y":1},"s":[157.5,140,0],"t":8,"ti":[-1.08333337306976,0,0],"to":[1.08333337306976,0,0]},{"o":{"x":0.167,"y":0.167},"i":{"x":0.833,"y":0.833},"s":[164,140,0],"t":10,"ti":[0,0,0],"to":[0,0,0]},{"o":{"x":0.333,"y":0},"i":{"x":0.667,"y":1},"s":[164,140,0],"t":27,"ti":[1.08333337306976,0,0],"to":[-1.08333337306976,0,0]},{"o":{"x":0.167,"y":0.167},"i":{"x":0.833,"y":0.833},"s":[157.5,140,0],"t":29,"ti":[0,0,0],"to":[0,0,0]},{"o":{"x":0.333,"y":0},"i":{"x":0.667,"y":1},"s":[157.5,140,0],"t":33,"ti":[0,0,0],"to":[0,0.83333331346512,0]},{"o":{"x":0.333,"y":0},"i":{"x":0.667,"y":1},"s":[157.5,145,0],"t":35,"ti":[0,0.83333331346512,0],"to":[0,0,0]},{"o":{"x":0.167,"y":0.167},"i":{"x":0.833,"y":0.833},"s":[157.5,140,0],"t":37,"ti":[0,0,0],"to":[0,0,0]},{"s":[157.5,140,0],"t":55}],"ix":2},"r":{"a":0,"k":0,"ix":10},"sa":{"a":0,"k":0},"o":{"a":0,"k":100,"ix":11}},"ef":[],"shapes":[{"ty":"gr","bm":0,"hd":false,"mn":"ADBE Vector Group","nm":"Group 1","ix":1,"cix":2,"np":2,"it":[{"ty":"sh","bm":0,"hd":false,"mn":"ADBE Vector Shape - Group","nm":"Path 1","ix":1,"d":1,"ks":{"a":0,"k":{"c":true,"i":[[0,-3.059],[3.06,0],[0,3.059],[-3.058,0]],"o":[[0,3.059],[-3.058,0],[0,-3.059],[3.06,0]],"v":[[5.538,0],[-0.001,5.539],[-5.539,0],[-0.001,-5.539]]},"ix":2}},{"ty":"fl","bm":0,"hd":false,"mn":"ADBE Vector Graphic - Fill","nm":"Fill 1","c":{"a":0,"k":[0.2118,0,0.098],"ix":4},"r":1,"o":{"a":0,"k":100,"ix":5}},{"ty":"tr","a":{"a":0,"k":[0,0],"ix":1},"s":{"a":0,"k":[100,100],"ix":3},"sk":{"a":0,"k":0,"ix":4},"p":{"a":0,"k":[98.027,132.044],"ix":2},"r":{"a":0,"k":0,"ix":6},"sa":{"a":0,"k":0,"ix":5},"o":{"a":0,"k":100,"ix":7}}]}],"ind":9,"parent":12},{"ty":4,"nm":"tail Outlines","sr":1,"st":0,"op":218,"ip":0,"hd":false,"ddd":0,"bm":0,"hasMask":false,"ao":0,"ks":{"a":{"a":0,"k":[232.5,156,0],"ix":1},"s":{"a":0,"k":[100,100,100],"ix":6},"sk":{"a":0,"k":0},"p":{"a":0,"k":[232.5,156,0],"ix":2},"r":{"a":1,"k":[{"o":{"x":0.333,"y":0},"i":{"x":0.667,"y":1},"s":[0],"t":3},{"o":{"x":0.333,"y":0},"i":{"x":0.667,"y":1},"s":[-31],"t":7},{"o":{"x":0.333,"y":0},"i":{"x":0.667,"y":1},"s":[-31],"t":32},{"o":{"x":0.333,"y":0},"i":{"x":0.667,"y":1},"s":[-53],"t":35},{"o":{"x":0.333,"y":0},"i":{"x":0.667,"y":1},"s":[-65],"t":38},{"o":{"x":0.333,"y":0},"i":{"x":0.667,"y":1},"s":[-31],"t":44},{"o":{"x":0.167,"y":0},"i":{"x":0.833,"y":1},"s":[0],"t":47},{"o":{"x":0.167,"y":0},"i":{"x":0.667,"y":1},"s":[-38],"t":49},{"o":{"x":0.333,"y":0},"i":{"x":0.833,"y":1},"s":[0],"t":55},{"o":{"x":0.167,"y":0},"i":{"x":0.833,"y":1},"s":[0],"t":60},{"o":{"x":0.167,"y":0},"i":{"x":0.833,"y":1},"s":[22],"t":65},{"s":[0],"t":68}],"ix":10},"sa":{"a":0,"k":0},"o":{"a":0,"k":100,"ix":11}},"ef":[],"shapes":[{"ty":"gr","bm":0,"hd":false,"mn":"ADBE Vector Group","nm":"Group 1","ix":1,"cix":2,"np":2,"it":[{"ty":"sh","bm":0,"hd":false,"mn":"ADBE Vector Shape - Group","nm":"Path 1","ix":1,"d":1,"ks":{"a":0,"k":{"c":false,"i":[[0,0],[-22.535,-1.749],[12.829,9.386],[-9.165,-0.132],[0,0]],"o":[[0,0],[25.912,2.011],[-5.406,-3.956],[13.273,0.191],[0,0]],"v":[[-20.413,2.725],[-1.688,-18.671],[-0.788,11.033],[2.861,-5.175],[19.081,17.165]]},"ix":2}},{"ty":"st","bm":0,"hd":false,"mn":"ADBE Vector Graphic - Stroke","nm":"Stroke 1","lc":2,"lj":2,"ml":1,"o":{"a":0,"k":100,"ix":4},"w":{"a":0,"k":8,"ix":5},"c":{"a":0,"k":[0.9451,0.5294,0.7569],"ix":3}},{"ty":"tr","a":{"a":0,"k":[0,0],"ix":1},"s":{"a":0,"k":[100,100],"ix":3},"sk":{"a":0,"k":0,"ix":4},"p":{"a":0,"k":[253.227,153.747],"ix":2},"r":{"a":0,"k":0,"ix":6},"sa":{"a":0,"k":0,"ix":5},"o":{"a":0,"k":100,"ix":7}}]},{"ty":"gr","bm":0,"hd":false,"mn":"ADBE Vector Group","nm":"Group 3","ix":2,"cix":2,"np":2,"it":[{"ty":"sh","bm":0,"hd":false,"mn":"ADBE Vector Shape - Group","nm":"Path 1","ix":1,"d":1,"ks":{"a":0,"k":{"c":true,"i":[[0,-3.969],[3.969,0],[0,3.969],[-3.969,0]],"o":[[0,3.969],[-3.969,0],[0,-3.969],[3.969,0]],"v":[[7.187,0],[0,7.187],[-7.187,0],[0,-7.187]]},"ix":2}},{"ty":"fl","bm":0,"hd":false,"mn":"ADBE Vector Graphic - Fill","nm":"Fill 1","c":{"a":0,"k":[0.9647,0.4196,0.7059],"ix":4},"r":1,"o":{"a":0,"k":100,"ix":5}},{"ty":"tr","a":{"a":0,"k":[0,0],"ix":1},"s":{"a":0,"k":[100,100],"ix":3},"sk":{"a":0,"k":0,"ix":4},"p":{"a":0,"k":[232.57,157.132],"ix":2},"r":{"a":0,"k":0,"ix":6},"sa":{"a":0,"k":0,"ix":5},"o":{"a":0,"k":100,"ix":7}}]}],"ind":10,"parent":12},{"ty":4,"nm":"money_hole Outlines","sr":1,"st":0,"op":218,"ip":0,"hd":false,"ddd":0,"bm":0,"hasMask":false,"ao":0,"ks":{"a":{"a":0,"k":[181,113.5,0],"ix":1},"s":{"a":0,"k":[100,100,100],"ix":6},"sk":{"a":0,"k":0},"p":{"a":1,"k":[{"o":{"x":0.167,"y":0.167},"i":{"x":0.833,"y":0.833},"s":[181,113.5,0],"t":11,"ti":[0,0,0],"to":[0,0,0]},{"o":{"x":0.167,"y":0.167},"i":{"x":0.833,"y":0.833},"s":[181,113.5,0],"t":33,"ti":[0,0,0],"to":[1.04313993453979,0.44337490200996,0]},{"o":{"x":0.167,"y":0.167},"i":{"x":0.833,"y":0.833},"s":[187.259,116.16,0],"t":35,"ti":[1.04313993453979,0.44337490200996,0],"to":[0,0,0]},{"s":[181,113.5,0],"t":37}],"ix":2},"r":{"a":0,"k":0,"ix":10},"sa":{"a":0,"k":0},"o":{"a":0,"k":100,"ix":11}},"ef":[],"shapes":[{"ty":"gr","bm":0,"hd":false,"mn":"ADBE Vector Group","nm":"Group 1","ix":1,"cix":2,"np":2,"it":[{"ty":"sh","bm":0,"hd":false,"mn":"ADBE Vector Shape - Group","nm":"Path 1","ix":1,"d":1,"ks":{"a":0,"k":{"c":true,"i":[[1.65,0],[0,0],[0,0],[0,0],[0,-1.65]],"o":[[0,0],[0,0],[0,0],[1.65,0],[0,1.65]],"v":[[17.572,3],[-20.572,3],[-20.572,-3],[17.572,-3],[20.572,0]]},"ix":2}},{"ty":"fl","bm":0,"hd":false,"mn":"ADBE Vector Graphic - Fill","nm":"Fill 1","c":{"a":0,"k":[0.2118,0,0.098],"ix":4},"r":1,"o":{"a":0,"k":100,"ix":5}},{"ty":"tr","a":{"a":0,"k":[0,0],"ix":1},"s":{"a":0,"k":[100,100],"ix":3},"sk":{"a":0,"k":0,"ix":4},"p":{"a":0,"k":[179.167,111.747],"ix":2},"r":{"a":0,"k":0,"ix":6},"sa":{"a":0,"k":0,"ix":5},"o":{"a":0,"k":100,"ix":7}}]}],"ind":11,"parent":12},{"ty":4,"nm":"body Outlines","sr":1,"st":0,"op":218,"ip":0,"hd":false,"ddd":0,"bm":0,"hasMask":false,"ao":0,"ks":{"a":{"a":0,"k":[157.5,140,0],"ix":1},"s":{"a":0,"k":[100,100,100],"ix":6},"sk":{"a":0,"k":0},"p":{"a":1,"k":[{"o":{"x":0.333,"y":0},"i":{"x":0.667,"y":1},"s":[157.5,140,0],"t":4,"ti":[-1,0,0],"to":[1,0,0]},{"o":{"x":0.167,"y":0.167},"i":{"x":0.833,"y":0.833},"s":[163.5,140,0],"t":7,"ti":[0,0,0],"to":[0,0,0]},{"o":{"x":0.333,"y":0},"i":{"x":0.667,"y":1},"s":[163.5,140,0],"t":29,"ti":[1.41666662693024,3.25,0],"to":[-1,0,0]},{"o":{"x":0.333,"y":0},"i":{"x":0.667,"y":1},"s":[157.5,140,0],"t":32,"ti":[0.41666665673256,3.25,0],"to":[-1.41666662693024,-3.25,0]},{"o":{"x":0.167,"y":0.167},"i":{"x":0.833,"y":0.833},"s":[155,120.5,0],"t":35,"ti":[0,0,0],"to":[0,0,0]},{"o":{"x":0.333,"y":0},"i":{"x":0.667,"y":1},"s":[155,120.5,0],"t":41,"ti":[-0.41666665673256,-0.91666668653488,0],"to":[0.41666665673256,3.25,0]},{"o":{"x":0.333,"y":0},"i":{"x":0.667,"y":1},"s":[157.5,140,0],"t":44,"ti":[0,0,0],"to":[0.41666665673256,0.91666668653488,0]},{"o":{"x":0.333,"y":0},"i":{"x":0.667,"y":1},"s":[157.5,126,0],"t":49,"ti":[0,-2.33333325386047,0],"to":[0,0,0]},{"s":[157.5,140,0],"t":56}],"ix":2},"r":{"a":1,"k":[{"o":{"x":0.333,"y":0},"i":{"x":0.667,"y":1},"s":[0],"t":32},{"o":{"x":0.333,"y":0},"i":{"x":0.667,"y":1},"s":[13],"t":35},{"o":{"x":0.333,"y":0},"i":{"x":0.667,"y":1},"s":[13],"t":41},{"o":{"x":0.333,"y":0},"i":{"x":0.833,"y":1},"s":[0],"t":44},{"o":{"x":0.167,"y":0},"i":{"x":0.667,"y":1},"s":[-19],"t":49},{"s":[0],"t":56}],"ix":10},"sa":{"a":0,"k":0},"o":{"a":0,"k":100,"ix":11}},"ef":[],"shapes":[{"ty":"gr","bm":0,"hd":false,"mn":"ADBE Vector Group","nm":"Group 1","ix":1,"cix":2,"np":2,"it":[{"ty":"sh","bm":0,"hd":false,"mn":"ADBE Vector Shape - Group","nm":"Path 1","ix":1,"d":1,"ks":{"a":0,"k":{"c":true,"i":[[30.025,0],[0,0],[0,30.027],[-30.026,0],[0,0],[0,-30.026]],"o":[[0,0],[-30.026,0],[0,-30.026],[0,0],[30.025,0],[0,30.027]],"v":[[22.286,54.594],[-22.286,54.594],[-76.88,-0.001],[-22.286,-54.593],[22.286,-54.593],[76.879,-0.001]]},"ix":2}},{"ty":"fl","bm":0,"hd":false,"mn":"ADBE Vector Graphic - Fill","nm":"Fill 1","c":{"a":0,"k":[0.9451,0.5294,0.7569],"ix":4},"r":1,"o":{"a":0,"k":100,"ix":5}},{"ty":"tr","a":{"a":0,"k":[0,0],"ix":1},"s":{"a":0,"k":[100,100],"ix":3},"sk":{"a":0,"k":0,"ix":4},"p":{"a":0,"k":[165.016,158.187],"ix":2},"r":{"a":0,"k":0,"ix":6},"sa":{"a":0,"k":0,"ix":5},"o":{"a":0,"k":100,"ix":7}}]}],"ind":12},{"ty":4,"nm":"ear_left Outlines","sr":1,"st":0,"op":218,"ip":0,"hd":false,"ddd":0,"bm":0,"hasMask":false,"ao":0,"ks":{"a":{"a":0,"k":[135,131.5,0],"ix":1},"s":{"a":0,"k":[100,100,100],"ix":6},"sk":{"a":0,"k":0},"p":{"a":0,"k":[147,131.5,0],"ix":2},"r":{"a":1,"k":[{"o":{"x":0.333,"y":0},"i":{"x":0.667,"y":1},"s":[0],"t":3},{"o":{"x":0.333,"y":0},"i":{"x":0.667,"y":1},"s":[-12],"t":7},{"o":{"x":0.333,"y":0},"i":{"x":0.667,"y":1},"s":[-12],"t":11},{"o":{"x":0.333,"y":0},"i":{"x":0.667,"y":1},"s":[0],"t":15},{"o":{"x":0.333,"y":0},"i":{"x":0.667,"y":1},"s":[0],"t":29},{"o":{"x":0.333,"y":0},"i":{"x":0.667,"y":1},"s":[0],"t":32},{"o":{"x":0.333,"y":0},"i":{"x":0.667,"y":1},"s":[0],"t":35},{"o":{"x":0.333,"y":0},"i":{"x":0.667,"y":1},"s":[11],"t":40},{"o":{"x":0.333,"y":0},"i":{"x":0.833,"y":1},"s":[0],"t":44},{"o":{"x":0.167,"y":0},"i":{"x":0.667,"y":1},"s":[18],"t":49},{"o":{"x":0.167,"y":0},"i":{"x":0.833,"y":1},"s":[0],"t":64},{"o":{"x":0.167,"y":0},"i":{"x":0.667,"y":1},"s":[16],"t":66},{"s":[0],"t":71}],"ix":10},"sa":{"a":0,"k":0},"o":{"a":0,"k":100,"ix":11}},"ef":[],"shapes":[{"ty":"gr","bm":0,"hd":false,"mn":"ADBE Vector Group","nm":"Group 1","ix":1,"cix":2,"np":2,"it":[{"ty":"sh","bm":0,"hd":false,"mn":"ADBE Vector Shape - Group","nm":"Path 1","ix":1,"d":1,"ks":{"a":0,"k":{"c":true,"i":[[0,0],[0,0],[0,0],[0,0],[0,-10.432]],"o":[[0,0],[0,0],[0,0],[10.433,0],[0,0]],"v":[[11.357,23.275],[-11.357,23.275],[-11.357,-23.275],[-7.533,-23.275],[11.357,-4.385]]},"ix":2}},{"ty":"fl","bm":0,"hd":false,"mn":"ADBE Vector Graphic - Fill","nm":"Fill 1","c":{"a":0,"k":[0.9451,0.5294,0.7569],"ix":4},"r":1,"o":{"a":0,"k":100,"ix":5}},{"ty":"tr","a":{"a":0,"k":[0,0],"ix":1},"s":{"a":0,"k":[100,100],"ix":3},"sk":{"a":0,"k":0,"ix":4},"p":{"a":0,"k":[135.354,106.956],"ix":2},"r":{"a":0,"k":0,"ix":6},"sa":{"a":0,"k":0,"ix":5},"o":{"a":0,"k":100,"ix":7}}]}],"ind":13,"parent":12},{"ty":4,"nm":"ear_right Outlines","sr":1,"st":0,"op":218,"ip":0,"hd":false,"ddd":0,"bm":0,"hasMask":false,"ao":0,"ks":{"a":{"a":0,"k":[131,130,0],"ix":1},"s":{"a":0,"k":[100,100,100],"ix":6},"sk":{"a":0,"k":0},"p":{"a":0,"k":[131,130,0],"ix":2},"r":{"a":1,"k":[{"o":{"x":0.333,"y":0},"i":{"x":0.667,"y":1},"s":[0],"t":3},{"o":{"x":0.333,"y":0},"i":{"x":0.667,"y":1},"s":[-16],"t":7},{"o":{"x":0.333,"y":0},"i":{"x":0.667,"y":1},"s":[-16],"t":11},{"o":{"x":0.333,"y":0},"i":{"x":0.667,"y":1},"s":[0],"t":15},{"o":{"x":0.333,"y":0},"i":{"x":0.667,"y":1},"s":[-19],"t":17},{"o":{"x":0.333,"y":0},"i":{"x":0.667,"y":1},"s":[0],"t":29},{"o":{"x":0.333,"y":0},"i":{"x":0.667,"y":1},"s":[0],"t":32},{"o":{"x":0.333,"y":0},"i":{"x":0.667,"y":1},"s":[0],"t":35},{"o":{"x":0.333,"y":0},"i":{"x":0.667,"y":1},"s":[-20],"t":38},{"o":{"x":0.333,"y":0},"i":{"x":0.833,"y":1},"s":[0],"t":44},{"o":{"x":0.167,"y":0},"i":{"x":0.667,"y":1},"s":[18],"t":49},{"s":[0],"t":59}],"ix":10},"sa":{"a":0,"k":0},"o":{"a":0,"k":100,"ix":11}},"ef":[],"shapes":[{"ty":"gr","bm":0,"hd":false,"mn":"ADBE Vector Group","nm":"Group 1","ix":1,"cix":2,"np":2,"it":[{"ty":"sh","bm":0,"hd":false,"mn":"ADBE Vector Shape - Group","nm":"Path 1","ix":1,"d":1,"ks":{"a":0,"k":{"c":true,"i":[[0,0],[0,0],[0,0],[0,0],[0,-10.432]],"o":[[0,0],[0,0],[0,0],[10.432,0],[0,0]],"v":[[11.357,23.275],[-11.357,23.275],[-11.357,-23.275],[-7.533,-23.275],[11.357,-4.385]]},"ix":2}},{"ty":"fl","bm":0,"hd":false,"mn":"ADBE Vector Graphic - Fill","nm":"Fill 1","c":{"a":0,"k":[0.9647,0.4196,0.7059],"ix":4},"r":1,"o":{"a":0,"k":100,"ix":5}},{"ty":"tr","a":{"a":0,"k":[0,0],"ix":1},"s":{"a":0,"k":[100,100],"ix":3},"sk":{"a":0,"k":0,"ix":4},"p":{"a":0,"k":[130.467,106.956],"ix":2},"r":{"a":0,"k":0,"ix":6},"sa":{"a":0,"k":0,"ix":5},"o":{"a":0,"k":100,"ix":7}}]}],"ind":14,"parent":12},{"ty":4,"nm":"front_foot_left Outlines","sr":1,"st":0,"op":218,"ip":0,"hd":false,"ddd":0,"bm":0,"hasMask":false,"ao":0,"ks":{"a":{"a":0,"k":[142,196.5,0],"ix":1},"s":{"a":0,"k":[100,100,100],"ix":6},"sk":{"a":0,"k":0},"p":{"a":1,"k":[{"o":{"x":0.167,"y":0.167},"i":{"x":0.833,"y":0.833},"s":[148,196.5,0],"t":11,"ti":[0,0,0],"to":[0,0,0]},{"o":{"x":0.167,"y":0.167},"i":{"x":0.833,"y":0.833},"s":[148,196.5,0],"t":29,"ti":[0,0,0],"to":[0,0,0]},{"s":[148,196.5,0],"t":55}],"ix":2},"r":{"a":1,"k":[{"o":{"x":0.333,"y":0},"i":{"x":0.667,"y":1},"s":[0],"t":3},{"o":{"x":0.333,"y":0},"i":{"x":0.667,"y":1},"s":[13],"t":6},{"o":{"x":0.333,"y":0},"i":{"x":0.667,"y":1},"s":[13],"t":29},{"o":{"x":0.333,"y":0},"i":{"x":0.667,"y":1},"s":[0],"t":32},{"o":{"x":0.333,"y":0},"i":{"x":0.667,"y":1},"s":[-32],"t":35},{"o":{"x":0.333,"y":0},"i":{"x":0.667,"y":1},"s":[52],"t":37},{"o":{"x":0.333,"y":0},"i":{"x":0.833,"y":1},"s":[0],"t":44},{"o":{"x":0.167,"y":0},"i":{"x":0.667,"y":1},"s":[28],"t":49},{"s":[0],"t":55}],"ix":10},"sa":{"a":0,"k":0},"o":{"a":0,"k":100,"ix":11}},"ef":[],"shapes":[{"ty":"gr","bm":0,"hd":false,"mn":"ADBE Vector Group","nm":"Group 1","ix":1,"cix":2,"np":2,"it":[{"ty":"sh","bm":0,"hd":false,"mn":"ADBE Vector Shape - Group","nm":"Path 1","ix":1,"d":1,"ks":{"a":0,"k":{"c":false,"i":[[0,0],[0,0]],"o":[[0,0],[0,0]],"v":[[142.483,199.055],[142.483,224.506]]},"ix":2}},{"ty":"st","bm":0,"hd":false,"mn":"ADBE Vector Graphic - Stroke","nm":"Stroke 1","lc":2,"lj":1,"ml":10,"o":{"a":0,"k":100,"ix":4},"w":{"a":0,"k":20,"ix":5},"c":{"a":0,"k":[0.9412,0.5294,0.7569],"ix":3}},{"ty":"tr","a":{"a":0,"k":[0,0],"ix":1},"s":{"a":0,"k":[100,100],"ix":3},"sk":{"a":0,"k":0,"ix":4},"p":{"a":0,"k":[0,0],"ix":2},"r":{"a":0,"k":0,"ix":6},"sa":{"a":0,"k":0,"ix":5},"o":{"a":0,"k":100,"ix":7}}]}],"ind":15,"parent":12},{"ty":4,"nm":"Front_foot_right","sr":1,"st":0,"op":218,"ip":0,"hd":false,"ddd":0,"bm":0,"hasMask":false,"ao":0,"ks":{"a":{"a":0,"k":[128.5,194.5,0],"ix":1},"s":{"a":0,"k":[100,100,100],"ix":6},"sk":{"a":0,"k":0},"p":{"a":1,"k":[{"o":{"x":0.167,"y":0.167},"i":{"x":0.833,"y":0.833},"s":[134.5,194.5,0],"t":11,"ti":[0,0,0],"to":[0,0,0]},{"o":{"x":0.167,"y":0.167},"i":{"x":0.833,"y":0.833},"s":[134.5,194.5,0],"t":29,"ti":[0,0,0],"to":[0,0,0]},{"s":[134.5,194.5,0],"t":55}],"ix":2},"r":{"a":1,"k":[{"o":{"x":0.333,"y":0},"i":{"x":0.667,"y":1},"s":[0],"t":3},{"o":{"x":0.333,"y":0},"i":{"x":0.667,"y":1},"s":[16],"t":6},{"o":{"x":0.333,"y":0},"i":{"x":0.667,"y":1},"s":[16],"t":29},{"o":{"x":0.333,"y":0},"i":{"x":0.667,"y":1},"s":[0],"t":32},{"o":{"x":0.333,"y":0},"i":{"x":0.667,"y":1},"s":[-32],"t":35},{"o":{"x":0.333,"y":0},"i":{"x":0.833,"y":1},"s":[0],"t":44},{"o":{"x":0.167,"y":0},"i":{"x":0.667,"y":1},"s":[39],"t":49},{"s":[0],"t":55}],"ix":10},"sa":{"a":0,"k":0},"o":{"a":0,"k":100,"ix":11}},"ef":[],"shapes":[{"ty":"gr","bm":0,"hd":false,"mn":"ADBE Vector Group","nm":"Group 1","ix":1,"cix":2,"np":2,"it":[{"ty":"sh","bm":0,"hd":false,"mn":"ADBE Vector Shape - Group","nm":"Path 1","ix":1,"d":1,"ks":{"a":0,"k":{"c":false,"i":[[0,0],[0,0]],"o":[[0,0],[0,0]],"v":[[128.742,195.506],[128.742,220.956]]},"ix":2}},{"ty":"st","bm":0,"hd":false,"mn":"ADBE Vector Graphic - Stroke","nm":"Stroke 1","lc":2,"lj":1,"ml":10,"o":{"a":0,"k":100,"ix":4},"w":{"a":0,"k":20,"ix":5},"c":{"a":0,"k":[0.9647,0.4157,0.702],"ix":3}},{"ty":"tr","a":{"a":0,"k":[0,0],"ix":1},"s":{"a":0,"k":[100,100],"ix":3},"sk":{"a":0,"k":0,"ix":4},"p":{"a":0,"k":[0,0],"ix":2},"r":{"a":0,"k":0,"ix":6},"sa":{"a":0,"k":0,"ix":5},"o":{"a":0,"k":100,"ix":7}}]}],"ind":16,"parent":12},{"ty":4,"nm":"back_foot_left Outlines","sr":1,"st":0,"op":218,"ip":0,"hd":false,"ddd":0,"bm":0,"hasMask":false,"ao":0,"ks":{"a":{"a":0,"k":[203,193.5,0],"ix":1},"s":{"a":0,"k":[100,100,100],"ix":6},"sk":{"a":0,"k":0},"p":{"a":1,"k":[{"o":{"x":0.167,"y":0.167},"i":{"x":0.833,"y":0.833},"s":[209,193.5,0],"t":11,"ti":[0,0,0],"to":[0,0,0]},{"o":{"x":0.167,"y":0.167},"i":{"x":0.833,"y":0.833},"s":[209,193.5,0],"t":29,"ti":[0,0,0],"to":[0,0,0]},{"o":{"x":0.167,"y":0.167},"i":{"x":0.833,"y":0.833},"s":[209,193.5,0],"t":49,"ti":[0,0,0],"to":[0,0,0]},{"s":[209,193.5,0],"t":53}],"ix":2},"r":{"a":1,"k":[{"o":{"x":0.333,"y":0},"i":{"x":0.667,"y":1},"s":[0],"t":3},{"o":{"x":0.333,"y":0},"i":{"x":0.667,"y":1},"s":[11],"t":6},{"o":{"x":0.333,"y":0},"i":{"x":0.667,"y":1},"s":[11],"t":29},{"o":{"x":0.333,"y":0},"i":{"x":0.667,"y":1},"s":[0],"t":32},{"o":{"x":0.333,"y":0},"i":{"x":0.667,"y":1},"s":[-32],"t":35},{"o":{"x":0.333,"y":0},"i":{"x":0.833,"y":1},"s":[0],"t":44},{"o":{"x":0.167,"y":0},"i":{"x":0.833,"y":1},"s":[-60],"t":49},{"o":{"x":0.167,"y":0},"i":{"x":0.667,"y":1},"s":[-60],"t":53},{"s":[0],"t":58}],"ix":10},"sa":{"a":0,"k":0},"o":{"a":0,"k":100,"ix":11}},"ef":[],"shapes":[{"ty":"gr","bm":0,"hd":false,"mn":"ADBE Vector Group","nm":"Group 1","ix":1,"cix":2,"np":2,"it":[{"ty":"sh","bm":0,"hd":false,"mn":"ADBE Vector Shape - Group","nm":"Path 1","ix":1,"d":1,"ks":{"a":0,"k":{"c":false,"i":[[0,0],[0,0]],"o":[[0,0],[0,0]],"v":[[203.077,199.055],[203.077,224.506]]},"ix":2}},{"ty":"st","bm":0,"hd":false,"mn":"ADBE Vector Graphic - Stroke","nm":"Stroke 1","lc":2,"lj":1,"ml":10,"o":{"a":0,"k":100,"ix":4},"w":{"a":0,"k":20,"ix":5},"c":{"a":0,"k":[0.9412,0.5294,0.7569],"ix":3}},{"ty":"tr","a":{"a":0,"k":[0,0],"ix":1},"s":{"a":0,"k":[100,100],"ix":3},"sk":{"a":0,"k":0,"ix":4},"p":{"a":0,"k":[0,0],"ix":2},"r":{"a":0,"k":0,"ix":6},"sa":{"a":0,"k":0,"ix":5},"o":{"a":0,"k":100,"ix":7}}]}],"ind":17,"parent":12},{"ty":4,"nm":"back_foot_right Outlines","sr":1,"st":0,"op":218,"ip":0,"hd":false,"ddd":0,"bm":0,"hasMask":false,"ao":0,"ks":{"a":{"a":0,"k":[190.5,192.5,0],"ix":1},"s":{"a":0,"k":[100,100,100],"ix":6},"sk":{"a":0,"k":0},"p":{"a":1,"k":[{"o":{"x":0.167,"y":0.167},"i":{"x":0.833,"y":0.833},"s":[196.5,192.5,0],"t":11,"ti":[0,0,0],"to":[0,0,0]},{"s":[196.5,192.5,0],"t":29}],"ix":2},"r":{"a":1,"k":[{"o":{"x":0.333,"y":0},"i":{"x":0.667,"y":1},"s":[0],"t":3},{"o":{"x":0.333,"y":0},"i":{"x":0.667,"y":1},"s":[11],"t":6},{"o":{"x":0.333,"y":0},"i":{"x":0.667,"y":1},"s":[11],"t":29},{"o":{"x":0.333,"y":0},"i":{"x":0.667,"y":1},"s":[0],"t":32},{"o":{"x":0.333,"y":0},"i":{"x":0.667,"y":1},"s":[-29],"t":35},{"o":{"x":0.333,"y":0},"i":{"x":0.667,"y":1},"s":[-6.556],"t":37},{"o":{"x":0.333,"y":0},"i":{"x":0.833,"y":1},"s":[0],"t":44},{"o":{"x":0.167,"y":0},"i":{"x":0.833,"y":1},"s":[-31],"t":49},{"o":{"x":0.167,"y":0},"i":{"x":0.667,"y":1},"s":[17],"t":52},{"s":[0],"t":58}],"ix":10},"sa":{"a":0,"k":0},"o":{"a":0,"k":100,"ix":11}},"ef":[],"shapes":[{"ty":"gr","bm":0,"hd":false,"mn":"ADBE Vector Group","nm":"Group 1","ix":1,"cix":2,"np":2,"it":[{"ty":"sh","bm":0,"hd":false,"mn":"ADBE Vector Shape - Group","nm":"Path 1","ix":1,"d":1,"ks":{"a":0,"k":{"c":false,"i":[[0,0],[0,0]],"o":[[0,0],[0,0]],"v":[[191.267,195.506],[191.267,220.956]]},"ix":2}},{"ty":"st","bm":0,"hd":false,"mn":"ADBE Vector Graphic - Stroke","nm":"Stroke 1","lc":2,"lj":1,"ml":10,"o":{"a":0,"k":100,"ix":4},"w":{"a":0,"k":20,"ix":5},"c":{"a":0,"k":[0.9647,0.4157,0.702],"ix":3}},{"ty":"tr","a":{"a":0,"k":[0,0],"ix":1},"s":{"a":0,"k":[100,100],"ix":3},"sk":{"a":0,"k":0,"ix":4},"p":{"a":0,"k":[0,0],"ix":2},"r":{"a":0,"k":0,"ix":6},"sa":{"a":0,"k":0,"ix":5},"o":{"a":0,"k":100,"ix":7}}]}],"ind":18,"parent":12}]}]}